Accession,Length,Collection_Date
PX750764,1701,2025-03-28
PX750770,1701,2025-03-19
PX427517,1701,2025-03-03
PX427549,1701,2025-03-03
PX046621,1752,2025-01-17
PX046628,1752,2025-01-20
PX046635,1752,2025-01-18
PX046642,1752,2025-01-15
PX046649,1752,2025-01-13
PX046656,1752,2025-01-29
PX046663,1752,2025-01-24
PX046670,1752,2025-01-17
PX046873,1752,2024-12-09
PX046881,1754,2024-12-02
PX046889,1752,2024-12-23
PX046897,1752,2024-12-31
PX046905,1752,2024-12-11
PX046913,1752,2024-12-17
PX046921,1752,2024-12-13
PX046929,1754,2024-12-19
PX046937,1752,2024-12-08
PX046945,1752,2025-01-13
PX046953,1752,2025-01-15
PX046961,1752,2025-01-16
PX046969,1752,2025-01-16
PX046977,1752,2025-01-16
PX046985,1752,2025-01-16
PX046993,1752,2025-01-17
PX047001,1752,2025-01-17
PX047009,1752,2025-01-18
PX047017,1752,2025-01-19
PX047025,1752,2025-01-20
PX047033,1752,2025-01-21
PX047041,1752,2025-01-21
PX047049,1752,2025-01-23
PX047057,1752,2025-01-24
PX047065,1752,2025-01-24
PX047073,1752,2025-01-25
PX047081,1752,2025-01-25
PX047089,1752,2025-01-25
PX047097,1752,2025-01-25
PX047105,1752,2025-01-25
PX047113,1752,2025-01-26
PX047121,1752,2025-01-26
PX047129,1752,2025-01-26
PX047137,1752,2025-01-26
PX047145,1752,2025-01-26
PX047153,1752,2025-01-26
PX047161,1752,2025-01-26
PX047169,1752,2025-01-26
PX047177,1752,2025-01-27
PX047185,1752,2025-01-27
PX047193,1752,2025-01-28
PX047201,1752,2025-01-29
PX047209,1752,2025-01-29
PV772300,1752,2025-03-04
PV772308,1752,2025-03-06
PV772316,1752,2025-03-05
PV772324,1752,2025-03-07
PV772332,1752,2025-03-03
PV772340,1752,2025-03-09
PV772348,1752,2025-03-07
PV773159,1752,2025-03-30
PV746343,1701,2025-02-09
PV746351,1701,2025-03-10
PV746359,1701,2025-02-09
PV746375,1701,2025-03-14
PV746391,1701,2025-03-14
PV732245,1752,2025-02-01
PV732250,1752,2025-02-03
PV732298,1752,2025-02-01
PV732306,1752,2025-02-01
PV732314,1752,2025-02-01
PV732322,1752,2025-02-01
PV732330,1752,2025-02-01
PV732338,1752,2025-02-01
PV732346,1752,2025-02-01
PV732354,1752,2025-02-01
PV732362,1752,2025-02-01
PV732370,1752,2025-02-01
PV732378,1752,2025-02-01
PV732386,1752,2025-02-01
PV732394,1752,2025-02-02
PV732402,1752,2025-02-02
PV732410,1752,2025-02-02
PV732418,1752,2025-02-02
PV732426,1752,2025-02-02
PV732434,1752,2025-02-03
PV732442,1752,2025-02-03
PV732450,1752,2025-02-03
PV732458,1752,2025-02-03
PV732466,1752,2025-02-03
PV732474,1752,2025-02-03
PV732482,1752,2025-02-03
PV732490,1752,2025-02-03
PV732498,1752,2025-02-03
PV732506,1752,2025-02-04
PV732514,1752,2025-02-04
PV732522,1752,2025-02-04
PV732530,1752,2025-02-04
PV732538,1752,2025-02-10
PV732546,1752,2025-02-04
PV732554,1752,2025-03-18
PV732562,1752,2025-03-25
PV732570,1752,2025-03-24
PV732578,1752,2025-03-24
PV732586,1752,2025-03-21
PV732594,1752,2025-03-22
PV732602,1752,2025-03-22
PV732610,1753,2025-03-24
PV732618,1752,2025-03-25
PV732626,1752,2025-03-31
PV732634,1752,2025-03-25
PV732642,1752,2025-03-26
PV732650,1752,2025-03-28
PV732658,1752,2025-03-31
PV732666,1752,2025-03-25
PV732674,1752,2025-03-27
PV732682,1752,2025-03-25
PV732690,1752,2025-03-26
PV732698,1752,2025-03-27
PV732706,1752,2025-03-27
PV732714,1752,2025-03-30
PV732722,1752,2025-03-26
PV732730,1752,2025-03-27
PV734540,1752,2024-10-05
PV734548,1752,2024-10-16
PV734556,1752,2024-10-20
PV734564,1752,2024-10-24
PV734572,1752,2025-02-20
PV734580,1752,2025-02-24
PV734588,1752,2025-03-17
PV734596,1752,2025-03-18
PV717419,1701,2025-02-08
PV717426,1701,2025-03-13
PV717434,1701,2025-03-01
PV669383,1701,2025-01-30
PV669390,1701,2024-12-27
PV669428,1701,2025-01-30
PV669435,1701,2025-03-05
PV669497,1701,2025-02-27
PV669512,1701,2024-12-23
PV669519,1701,2025-03-09
PV669556,1701,2025-01-30
PV669569,1701,2025-01-30
PV669577,1701,2025-01-30
PV669585,1701,2025-01-29
PV669593,1701,2025-02-24
PV669601,1701,2025-02-16
PV669609,1701,2025-01-30
PV669617,1701,2025-01-30
PV669625,1701,2025-03-29
PV669641,1701,2025-01-30
PV669649,1701,2025-01-30
PV669657,1701,2025-03-27
PV669665,1701,2025-03-23
PV669673,1701,2024-12-20
PV669681,1701,2025-01-30
PV669689,1701,2025-01-30
PV669697,1701,2025-02-26
PV669705,1701,2025-01-30
PV669713,1701,2024-12-24
PV669721,1701,2025-03-22
PV643665,1701,2025-02-20
PV643672,1701,2024-12-26
PV643679,1701,2024-12-20
PV643685,1701,2025-02-21
PV643701,1701,2024-12-25
PV643709,1701,2024-12-25
PV643717,1701,2025-02-21
PV643725,1701,2025-02-20
PV643733,1701,2025-02-27
PV643741,1701,2024-12-25
PV639934,1701,2025-03-09
PV639973,1701,2025-01-18
PV639979,1701,2025-01-18
PV640015,1701,2025-01-08
PV640092,1701,2024-12-18
PV640129,1701,2025-01-14
PV640137,1701,2025-01-19
PV640145,1701,2025-01-15
PV640153,1701,2025-01-27
PV640161,1701,2025-01-28
PV640169,1701,2024-12-19
PV640177,1701,2025-01-18
PV640185,1701,2025-01-08
PV640193,1701,2025-01-19
PV640201,1701,2025-01-18
PV619140,1701,2025-03-15
PV622129,1701,2025-02-22
PV623933,1701,2025-02-26
PV589812,1701,2025-01-14
PV589827,1701,2025-01-20
PV589840,1701,2025-01-11
PV589854,1701,2025-01-10
PV589885,1701,2025-01-23
PV589893,1701,2025-01-18
PV589901,1701,2025-01-20
PV589909,1701,2025-01-15
PV589917,1701,2025-01-19
PV589925,1701,2025-01-24
PV589933,1701,2025-01-17
PV589941,1701,2025-01-23
PV589949,1701,2025-01-10
PV589957,1701,2025-01-10
PV566227,1701,2024-12-21
PV566420,1701,2025-01-10
PV566465,1701,2025-01-04
PV566480,1701,2025-01-06
PV566487,1701,2025-01-06
PV566494,1701,2025-01-19
PV566501,1701,2025-01-12
PV566507,1701,2025-01-02
PV566514,1701,2025-01-10
PV566528,1701,2025-01-08
PV566565,1701,2024-12-30
PV566573,1701,2025-01-09
PV566581,1701,2025-01-06
PV566589,1701,2025-01-02
PV566597,1701,2025-01-06
PV566605,1701,2025-01-04
PV566613,1701,2024-12-29
PV566621,1701,2024-12-22
PV566629,1701,2024-12-30
PV566637,1701,2025-01-02
PV566645,1701,2024-12-22
PV566653,1701,2025-01-08
PV566661,1701,2024-12-30
PV566669,1701,2025-01-08
PV566677,1701,2025-01-03
PV566685,1701,2025-01-18
PV566693,1701,2025-01-06
PV566701,1701,2024-12-25
PV566709,1701,2025-01-07
PV566717,1701,2025-01-07
PV566725,1701,2024-12-29
PV566733,1701,2025-01-10
PV566741,1701,2025-01-15
PV550549,1764,2025-03-19
PV550589,1760,2025-03-20
PV550596,1752,2025-03-20
PV538003,1701,2024-12-29
PV538175,1701,2025-01-09
PV538215,1701,2024-12-28
PV538222,1701,2024-12-23
PV538230,1701,2024-12-23
PV538238,1701,2024-12-24
PV538253,1701,2024-12-27
PV538285,1701,2024-12-16
PV538308,1701,2024-12-30
PV538332,1701,2024-12-21
PV538339,1701,2024-12-28
PV538359,1701,2025-01-03
PV538380,1701,2025-01-04
PV538403,1701,2024-12-29
PV538411,1701,2024-12-23
PV538419,1701,2024-12-28
PV538427,1701,2025-01-10
PV538435,1701,2024-12-28
PV538443,1701,2025-01-01
PV534126,1689,2024-12-19
PV531798,1701,2025-01-14
PV532910,1701,2025-01-27
PV499333,1752,2024-11-04
PV499341,1752,2024-11-05
PV499349,1752,2024-10-12
PV501430,1752,2025-01-27
PV501609,1752,2025-02-06
PV501800,1752,2025-01-15
PV501808,1752,2025-01-17
PV501816,1752,2025-01-17
PV501824,1752,2025-02-06
PV501832,1752,2025-02-11
PV501840,1752,2025-02-17
PV486956,1701,2025-02-03
PV486968,1701,2025-02-05
PV477472,1701,2024-12-22
PV477517,1701,2025-02-26
PV477522,1701,2024-11-18
PV477529,1701,2024-11-19
PV477537,1701,2024-12-17
PV477545,1701,2024-12-20
PV477553,1701,2024-12-22
PV477561,1701,2024-12-22
PV477569,1701,2024-12-22
PV477577,1701,2024-12-22
PV477585,1701,2024-12-20
PV477593,1701,2024-12-23
PV477601,1701,2024-12-22
PV442605,1701,2025-01-01
PV442616,1701,2024-12-29
PV442624,1701,2024-12-28
PV410754,1701,2024-12-09
PV410769,1701,2024-12-17
PV410776,1701,2024-11-29
PV410802,1701,2024-12-17
PV410814,1701,2024-12-16
PV410827,1701,2024-12-17
PV410835,1701,2024-12-17
PV410843,1701,2025-01-31
PV410851,1701,2024-12-02
PV410859,1701,2024-11-26
PV341675,1701,2024-12-21
PV341810,1701,2024-12-26
PV341845,1701,2024-12-26
PV341928,1701,2024-12-26
PV341939,1701,2024-12-28
PV341950,1701,2024-12-27
PV341981,1701,2024-12-27
PV341986,1701,2024-12-26
PV341994,1701,2024-12-28
PV342002,1701,2024-12-28
PV298636,1701,2025-02-12
PV283328,1752,2024-12-29
PV283631,1752,2025-01-06
PV283639,1752,2025-01-08
PV283647,1752,2025-01-10
PV283655,1752,2024-12-23
PV283663,1752,2024-12-23
PV283671,1752,2024-12-27
PV271147,1752,2025-01-21
PV271161,1764,2025-01-07
PV271175,1737,2025-01-02
PV271182,1763,2025-01-06
PV271196,1752,2025-01-09
PV271202,1725,2025-01-07
PV271208,1764,2025-01-06
PV271215,1761,2025-01-06
PV271222,1724,2025-01-15
PV271251,1756,2025-01-20
PV271259,1763,2025-01-07
PV271283,1733,2025-01-14
PV271549,1723,2025-02-04
PV271557,1754,2025-02-11
PV271630,1752,2025-02-02
PV271663,1751,2025-02-17
PV269081,1701,2024-12-20
PV269110,1701,2025-01-22
PV269130,1701,2025-01-24
PV269137,1701,2024-12-21
PV269143,1701,2024-12-30
PV269157,1701,2024-12-19
PV269164,1701,2024-12-30
PV269171,1701,2024-12-20
PV269191,1701,2024-12-19
PV269198,1701,2024-12-17
PV269240,1701,2024-12-27
PV269254,1701,2025-01-01
PV269274,1701,2025-01-26
PV269294,1701,2024-12-09
PV269300,1701,2024-12-16
PV269307,1701,2024-12-29
PV269325,1701,2024-12-31
PV269352,1701,2024-12-03
PV269357,1701,2025-01-06
PV269373,1701,2025-01-24
PV269388,1678,2024-12-21
PV269411,1701,2024-12-12
PV269428,1701,2024-12-31
PV269439,1701,2024-12-23
PV269444,1701,2024-12-12
PV269458,1614,2024-12-30
PV269466,1701,2024-12-25
PV269474,1701,2024-12-20
PV269482,1701,2024-12-28
PV269490,1701,2024-12-30
PV269498,1701,2024-12-21
PV269506,1701,2024-12-31
PV269514,1701,2025-01-22
PV269522,1701,2025-01-25
PV269530,1701,2025-01-18
PV269538,1701,2025-01-22
PV269546,1701,2025-01-05
PV269554,1701,2024-12-24
PV269562,1701,2024-12-28
PV269570,1701,2024-12-20
PV269578,1701,2024-12-20
PV269586,1701,2024-12-23
PV269594,1701,2024-12-18
PV269602,1701,2024-12-22
PV243690,1755,2024-12-30
PV243697,1734,2024-12-30
PV243701,1754,2024-12-29
PV243708,1752,2024-12-30
PV243715,1739,2024-12-31
PV243722,1706,2024-12-30
PV243725,1764,2024-12-29
PV243732,1703,2024-12-31
PV247285,1701,2024-12-22
PV247292,1701,2024-12-11
PV247306,1701,2024-12-10
PV247321,1701,2024-12-20
PV247381,1631,2024-12-11
PV247386,1701,2024-12-10
PV247391,1701,2024-12-01
PV247396,1701,2024-12-11
PV247417,1701,2024-12-18
PV247423,1685,2024-12-05
PV247443,1701,2024-12-20
PV247479,1701,2024-12-02
PV247499,1701,2024-12-01
PV247507,1701,2024-12-04
PV247515,1701,2024-12-05
PV247523,1701,2024-12-05
PV247531,1701,2024-12-04
PV247539,1701,2024-12-08
PV247547,1701,2024-12-05
PV247555,1701,2024-12-09
PV222206,1701,2025-01-29
PV222908,1701,2025-02-04
PV223361,1701,2025-01-31
PV195974,1701,2024-12-07
PV199819,1701,2024-12-18
PV199826,1701,2024-12-15
PV199840,1701,2024-12-17
PV199875,1701,2024-12-05
PV199881,1701,2024-12-14
PV199893,1701,2024-12-13
PV199909,1701,2024-12-18
PV199919,1701,2024-12-15
PV199924,1701,2024-12-17
PV199934,1701,2024-12-10
PV199939,1701,2024-12-12
PV199947,1701,2024-12-14
PV199955,1701,2024-12-09
PV199963,1701,2024-12-18
PV199971,1701,2024-12-15
PV190857,1701,2025-01-03
PV193125,1701,2025-01-09
PV158956,1701,2024-12-12
PV158970,1701,2024-12-11
PV158977,1701,2024-12-07
PV158982,1701,2024-12-06
PV158990,1701,2024-12-10
PV158998,1701,2024-12-07
PV159006,1701,2024-12-07
PV122910,1701,2024-12-16
PV122917,1701,2024-12-15
PV122924,1701,2024-12-10
PV122938,1701,2024-12-18
PV122965,1701,2024-12-15
PV122973,1701,2024-12-11
PV122981,1701,2024-12-18
PV122989,1701,2024-12-18
PV122997,1701,2024-12-14
PV123005,1701,2024-12-12
PV075957,1701,2024-11-30
PV075985,1701,2024-12-07
PV076010,1701,2024-11-25
PV076018,1701,2024-12-07
PV076026,1701,2024-12-13
PV076034,1701,2024-11-24
PV076042,1701,2024-11-23
PV076050,1701,2024-11-23
PV076058,1701,2024-12-06
PV076066,1701,2024-12-01
PV037880,1701,2024-11-21
PV035401,1701,2024-12-02
PV035408,1701,2024-11-27
PV035457,1701,2024-11-27
PV035464,1701,2024-11-26
PV035491,1701,2024-11-25
PV035540,1701,2024-11-27
PV035632,1701,2024-11-25
PV035645,1701,2024-11-07
PV035660,1701,2024-11-28
PV035665,1701,2025-01-06
PV035675,1701,2024-12-03
PV035683,1701,2024-11-27
PV035691,1701,2024-12-05
PV011684,1701,2024-11-27
PV011712,1701,2024-11-24
PV011724,1701,2024-11-25
PV011729,1701,2024-11-28
PV011742,1701,2024-11-25
PV011764,1701,2024-11-15
PV011780,1671,2024-11-30
PV011800,1701,2024-11-29
PV011808,1701,2024-11-29
PV011816,1701,2024-11-29
PV011824,1701,2024-11-27
PV011832,1701,2024-11-25
PV011840,1701,2024-11-27
PV011848,1701,2024-11-29
PV011856,1701,2024-10-11
PV011864,1701,2024-10-22
PV011872,1701,2024-11-24
PV011880,1701,2024-11-30
PV011888,1701,2024-10-24
PQ891388,1701,2024-11-26
PQ891544,1701,2024-12-01
PQ891580,1701,2024-11-29
PQ891587,1701,2024-11-24
PQ891613,1701,2024-11-25
PQ891618,1701,2024-11-11
PQ891624,1701,2024-11-07
PQ891651,1701,2024-11-11
PQ891682,1701,2024-11-28
PQ891688,1701,2024-12-10
PQ891694,1701,2024-11-29
PQ891700,1701,2024-12-01
PQ891710,1701,2024-11-25
PQ891720,1701,2024-11-28
PQ891726,1701,2024-11-24
PQ891744,1701,2024-11-24
PQ891774,1701,2024-11-23
PQ891782,1701,2024-11-27
PQ850059,1739,2024-12-16
PQ850103,1760,2024-12-17
PQ850144,1760,2024-12-11
PQ850152,1752,2024-12-18
PQ850160,1764,2024-12-16
PQ850280,1763,2024-12-24
PQ850287,1732,2024-12-24
PQ850294,1752,2024-12-24
PQ850308,1763,2024-12-29
PQ850328,1760,2024-12-08
PQ850342,1743,2024-12-24
PQ850350,1739,2024-12-23
PQ850358,1739,2024-12-24
PQ850366,1732,2024-12-29
PQ850374,1741,2024-12-29
PQ852001,1701,2024-12-01
PQ852021,1701,2024-11-18
PQ852027,1701,2024-11-20
PQ852050,1701,2024-12-03
PQ852059,1701,2024-12-02
PQ852071,1701,2024-12-03
PQ852076,1701,2024-11-18
PQ839756,1752,2024-09-13
PQ840000,1752,2024-09-03
PQ840008,1752,2024-09-03
PQ840016,1752,2024-09-06
PQ840024,1752,2024-09-06
PQ840032,1752,2024-09-10
PQ840040,1752,2024-09-18
PQ840048,1752,2024-09-18
PQ840056,1752,2024-09-21
PQ840064,1752,2024-09-21
PQ840072,1752,2024-10-05
PQ840080,1752,2024-10-07
PQ840088,1752,2024-10-16
PQ825326,1701,2024-11-22
PQ825377,1701,2024-11-16
PQ825415,1701,2024-11-15
PQ825421,1701,2024-11-18
PQ825427,1701,2024-11-24
PQ825437,1701,2024-11-19
PQ825442,1701,2024-11-25
PQ825447,1701,2024-11-08
PQ825455,1701,2024-11-08
PQ825463,1701,2024-11-07
PQ825471,1701,2024-11-14
PQ825479,1701,2024-11-16
PQ825487,1701,2024-11-08
PQ825495,1701,2024-11-18
PQ825503,1701,2024-11-11
PQ825511,1701,2024-11-24
PQ825519,1701,2024-10-08
PQ825527,1701,2024-11-22
PQ825535,1701,2024-11-21
PQ825543,1701,2024-11-20
PQ825551,1701,2024-11-23
PQ825559,1701,2024-11-15
PQ825567,1701,2024-11-25
PQ825575,1701,2024-11-13
PQ825583,1701,2024-11-13
PQ803578,1701,2024-11-04
PQ803600,1701,2024-11-13
PQ803608,1701,2024-11-04
PQ803616,1701,2024-11-07
PQ803624,1701,2024-11-13
PQ803632,1701,2024-11-15
PQ803640,1701,2024-11-02
PQ803648,1701,2024-11-12
PQ803656,1701,2024-11-04
PQ784415,1701,2024-11-13
PQ784523,1701,2024-11-13
PQ784530,1701,2024-11-06
PQ784551,1701,2024-11-17
PQ784565,1701,2024-11-11
PQ784594,1701,2024-11-14
PQ784643,1701,2024-11-18
PQ784662,1701,2024-10-21
PQ784678,1701,2024-11-17
PQ784688,1701,2024-11-01
PQ784699,1701,2024-10-31
PQ784707,1701,2024-10-15
PQ784715,1701,2024-11-02
PQ784723,1701,2024-11-06
PQ784731,1701,2024-11-06
PQ784739,1701,2024-11-08
PQ784747,1701,2024-11-09
PQ784755,1701,2024-11-09
PQ784763,1701,2024-11-14
PQ784771,1701,2024-11-18
PQ731482,1701,2024-10-24
PQ731617,1701,2024-10-28
PQ731624,1701,2024-11-11
PQ731635,1701,2024-11-13
PQ731655,1701,2024-11-13
PQ731661,1701,2024-10-30
PQ731667,1701,2024-11-20
PQ731680,1701,2024-11-13
PQ731685,1701,2024-11-18
PQ731690,1701,2024-10-28
PQ731698,1701,2024-11-16
PQ731704,1701,2024-11-19
PQ731716,1701,2024-10-30
PQ731732,1701,2024-10-29
PQ731753,1701,2024-11-14
PQ731759,1664,2024-10-30
PQ731770,1701,2024-11-12
PQ731778,1701,2024-11-12
PQ731786,1701,2024-11-19
PQ731794,1701,2024-11-16
PQ731802,1701,2024-11-20
PQ731810,1701,2024-10-29
PQ731818,1701,2024-10-24
PQ731826,1701,2024-10-25
PQ731834,1701,2024-10-20
PQ731842,1701,2024-10-27
PQ731850,1701,2024-10-30
PQ731858,1701,2024-10-28
PQ731866,1701,2024-11-19
PQ654576,1701,2024-11-09
PQ654583,1701,2024-11-05
PQ654590,1701,2024-11-09
PQ654596,1701,2024-11-04
PQ654617,1701,2024-11-05
PQ654628,1701,2024-11-06
PQ654633,1701,2024-11-05
PQ654639,1701,2024-11-06
PQ654647,1701,2024-11-05
PQ654655,1701,2024-11-11
PQ654663,1701,2024-11-07
PQ654671,1701,2024-11-07
PQ654679,1701,2024-11-05
PQ654687,1701,2024-11-09
PQ654695,1701,2024-09-22
PQ631105,1708,2024-10-16
PQ595656,1701,2024-10-24
PQ595708,1701,2024-10-18
PQ595715,1701,2024-10-23
PQ595722,1701,2024-10-22
PQ595734,1701,2024-10-21
PQ595745,1701,2024-10-21
PQ595753,1701,2024-10-22
PQ595761,1701,2024-10-22
PQ595769,1701,2024-10-23
PQ595777,1701,2024-10-17
PQ595785,1701,2024-10-27
PQ595793,1701,2024-10-30
PQ595801,1701,2024-10-23
PQ595809,1701,2024-10-24
PQ595817,1701,2024-10-26
PQ595825,1701,2024-10-27
PQ595833,1701,2024-10-17
PQ595841,1701,2024-10-14
PQ571457,1701,2024-10-17
PQ571463,1701,2024-10-14
PQ571471,1701,2024-10-10
PQ571479,1701,2024-10-09
PQ571487,1701,2024-10-21
PQ571495,1701,2024-10-16
PQ571503,1701,2024-10-21
PQ571511,1701,2024-10-14
PQ571519,1701,2024-10-14
PQ571527,1701,2024-10-11
PQ571535,1701,2024-10-11
PQ571543,1701,2024-10-22
PQ571551,1701,2024-10-12
PQ571559,1701,2024-10-14
PQ530603,1701,2024-10-01
PQ530618,1693,2024-09-30
PQ530632,1701,2024-10-08
PQ530640,1701,2024-10-08
PQ530648,1701,2024-10-04
PQ530656,1701,2024-10-07
PQ530664,1701,2024-10-10
PQ530672,1701,2024-10-07
PQ530680,1701,2024-10-07
PQ530688,1701,2024-10-03
PQ530696,1701,2024-09-30
PQ530704,1701,2024-09-30
PQ530712,1701,2024-10-09
PQ530720,1701,2024-10-01
PQ530728,1701,2024-10-01
PQ530736,1701,2024-10-02
PQ530744,1701,2024-10-02
PQ498655,1701,2024-10-04
PQ469785,1693,2024-09-28
PQ469793,1701,2024-09-27
PQ469799,1701,2024-09-24
PQ469808,1701,2024-09-26
PQ469816,1701,2024-09-23
PQ469824,1701,2024-09-23
PQ469832,1701,2024-10-02
PQ450342,1701,2024-09-17
PQ450350,1701,2024-09-16
PQ450366,1701,2024-09-23
PQ422669,1701,2024-09-10
PQ422682,1701,2024-09-10
PQ422687,1701,2024-09-10
PQ422695,1701,2024-09-16
PQ422703,1701,2024-09-16
PQ422711,1701,2024-09-09
PQ422719,1701,2024-09-18
PQ376478,1693,2024-09-05
PQ376508,1701,2024-09-08
PQ376529,1701,2024-09-03
PQ376561,1701,2024-09-02
